gene_name,Day 0,Day 5,Day 9,Day 12,Day 15
ABCA3,6.384904559,10.48461946,59.20112713,66.29167532,58.49307941
ABCA4,2.234357648,1.835180802,4.38548728,3.882736854,6.114995789
ABCB6,25.28027843,18.99803778,34.09023346,45.52388001,44.24775595
ABCC2,1.16601614,1.392870818,0.643138476,0.599916971,0.481810444
ABCC8,0,1.563713659,3.364933736,2.196095135,0.060309996
ACAN,20.32067155,23.47900518,0.255888311,0.084039781,0.051408437
ACSL6,0.015032325,0.341153203,1.45225664,3.333832764,1.190698938
ACTC1,4.578594429,1843.898021,4662.707543,5647.626951,4383.914292
ACTN2,0.303822972,9.678017379,142.3256855,280.606559,233.751348
ACVR2B,3.471458331,4.300421841,2.537467169,2.838369353,2.40463208
ADAMTS17,0.064889605,0.199902529,1.185127883,4.609880446,5.45434984
ADAMTS3,1.878006842,1.634330585,0.451151573,0.273888953,0.339335291
ADAMTS9,3.439238116,2.676433905,53.66861097,244.2168313,361.7721226
ADAMTSL2,0.03334283,3.192545349,16.30923358,21.19911881,8.721646041
ADAT3,3.493867361,4.56902748,6.428471698,5.68376039,3.760522162
ADCY1,2.032272283,1.105272284,2.551597181,3.85092986,3.355610219
ADCY5,0.814246071,1.243946841,1.313629464,0.766838082,0.83991106
AFF2,5.473372375,9.58433139,3.36895004,2.962654788,4.274079969
AFF3,47.25048335,4.116688522,15.4046484,27.40578631,40.75909539
AGT,0.759060379,8.35465259,114.1376309,95.60601832,19.47981724
AGTR1,6.822573135,6.733153766,1.443349854,1.363148184,3.770414746
AIRE,0.222612596,7.930318942,11.98268166,15.85139714,1.96187299
AKAP3,0.587819346,1.005530715,0.882110076,1.300943715,3.572267742
AKR1C2,34.29357074,13.33900964,12.14444212,12.27796111,13.29016209
ALDH1A2,0.457691925,0.081493007,0.562446504,4.198328397,2.384912042
ALG10,2.973301056,3.226094022,2.637093803,1.509456997,3.04465537
ALG11,53.34705978,52.40281306,59.93368462,52.13451191,55.01952217
ALOXE3,0.136633033,5.481662518,0.417300095,0.496112811,0
ALPK3,0.608472883,38.34249148,81.90552151,104.6535906,103.6138667
AMER1,10.58448778,6.859146222,10.35552498,8.367492752,8.625178466
AMH,1.036230495,1.195250385,1.175060553,2.054587672,1.436144757
AMN,0.162519811,0.275872311,2.252962593,3.184314769,0.621206662
AMPD1,0.035230621,0.214238541,1.28433666,4.175677915,1.173425194
AMT,6.004537538,3.061727113,2.170824021,6.47176389,3.765045384
ANG,10.58412301,4.086480051,2.767627568,3.284394927,2.665811156
ANK1,1.330841739,40.99295268,99.02449424,69.54365467,4.864211304
ANK2,30.26531993,43.15192207,120.2490215,106.1589645,87.26319993
ANK3,0.574965981,0.391102585,2.33600524,1.990685769,6.066003789
ANKS1B,0.282946602,0.051244116,0.753042577,1.716433565,1.052307838
ANO3,3.467979102,1.706588056,0.15871428,0.036642955,0.204144042
ANO5,0.031160537,0.412165246,2.390252097,1.50369129,0.274900791
AP3B2,0.585141034,1.030871748,0.181601324,1.107789189,0.620035731
APC2,0.927874105,1.094448374,1.213836575,3.123544854,2.232391652
ARMC2,3.215166143,1.741087474,1.128026591,3.335804721,2.740040515
ARMC5,19.93367557,21.9626938,24.74500209,23.81277084,23.94677272
ARX,0,1.250370711,1.977297412,1.372253561,2.057243576
ASPA,5.14530084,2.150673292,2.604056502,4.063676465,8.616928328
ASRGL1,0.432115098,0.920247012,3.655707763,2.906714682,1.298713047
ATL1,5.560363027,5.738766184,6.825523595,8.306146791,10.60837687
ATP1A2,0.798531866,5.999103967,45.12879995,45.6080349,20.71828719
ATP1A3,0,3.023404956,5.557672691,7.295576252,0.93900674
ATP6V0A4,0.020640985,0.900945609,5.974887801,5.742973735,0.959428345
ATP6V1B1,0.478677799,0.475976534,0.490907239,1.585716047,1.190562381
ATP7B,5.839790569,6.25940457,12.31840332,13.69706181,15.46326391
ATXN3,18.60449713,18.97286597,9.4874796,12.12926079,20.88793895
AURKC,0.884041474,1.682127744,1.183459238,1.125662287,0.618715161
AVIL,7.472347314,2.48748985,1.911949843,4.141423957,3.904667207
B4GALNT1,4.827577579,23.73400008,5.599633653,3.896680467,4.377951143
BACH2,0.108406215,5.918957277,1.674671757,0.486227619,0.847127162
BAG5,49.32980288,44.94216574,42.9379495,35.48723231,32.42732173
BCHE,0.390555349,2.096856736,0.87562248,0.867016775,0.860169798
BCL11B,0.461297568,0.325874368,0.635175249,1.841311066,1.23034676
BEAN1,0.246962647,9.769443806,38.71871087,14.90985861,7.558386186
BEST1,7.243761399,17.0936864,7.308149375,6.450979598,3.165657174
BFSP1,1.746309604,1.057771239,5.40319234,4.430096768,5.699879498
BICD1,27.05910763,34.34207203,20.87987095,23.70751748,18.58362678
BIN1,43.08872778,92.30111083,831.798778,891.6717257,581.6364008
BMP2,3.63063889,7.390804537,102.9146583,188.5234214,151.2734665
BMP4,1.560907686,0.819171594,204.2160853,513.2575539,429.7239504
BMP6,4.445698552,4.554942994,4.888916736,2.841200287,1.120457901
BMP7,0,0.809098029,1.120728295,3.035225562,1.083437652
BMPR1B,3.08281583,2.799697832,1.739334353,2.202610567,0.798415667
BOLA2,5.164663822,8.353462108,7.879126821,9.10092484,10.55281601
BRCA2,5.053183861,9.288483762,2.222353938,2.407055837,11.85972622
BTD,28.95205771,30.0058254,24.43605044,19.4027028,16.69267309
C1QTNF5,32.47634149,11.11666576,10.47883091,17.51386267,13.52269904
C2,0.967240722,2.334220907,1.929335082,1.406016551,0.867026053
C4A,1.870574588,3.579368501,1.071256403,0.755428501,0.514692928
C4B,2.938947641,1.331962234,1.666229054,1.617329416,0.89593577
CACNA1A,17.44210361,16.93904466,12.62215456,10.22210337,18.36760112
CACNA1D,0.199425381,0.095032202,0.830109684,1.457115468,2.604183091
CACNA1E,0.07437976,0.097806561,0.248363795,1.612073557,0.955939136
CACNA1G,4.239554651,1.448957898,1.239117097,1.538249818,1.268876847
CACNA1H,0.130988996,0.266432872,5.435015267,19.10626959,26.47976555
CACNA1I,0.190546126,0.214387658,1.05238834,1.371168069,0.132867656
CACNA1S,0,0.168119476,28.42661683,50.64570415,43.1525539
CALCRL,1.459917289,4.287464044,1.841669111,3.305541876,2.885269858
CAMK2A,0.896158274,0.665574842,8.19978084,7.42687104,6.675591537
CAMK2B,0.511053947,3.055254935,72.31092332,27.08539634,4.587499302
CAMTA1,19.65634464,19.73368012,13.91952989,15.30705729,13.13101866
CARD14,0.054718237,1.105822417,1.489608311,2.864843301,0.209445742
CASP8,13.05576104,18.80493704,10.9355957,10.543786,10.9792211
CASQ1,0.011946614,2.476583014,1.854976078,2.587173983,0.800400029
CASQ2,0.065246118,0.754879966,42.42861393,160.1525441,569.8168547
CASZ1,0.854058156,2.337106077,15.9812463,19.21355992,11.32933358
CATSPER1,0.162032801,1.600871984,0.481481281,0.384994399,0.603818056
CATSPER2,4.069924053,1.609288215,2.331824872,2.622194721,3.535311119
CAV3,0.172766852,7.265131702,53.96664459,65.24970161,56.84574734
CBX2,1.821135507,1.266202436,1.047215612,2.036747749,2.154620441
CCDC103,1.969058925,2.995601202,3.74025094,2.645852572,1.233464173
CCDC141,0,0.589491026,0.900641163,1.930475533,6.144836315
CCDC39,0.41528995,2.5183084,7.234463617,2.071962389,1.379426449
CCDC62,0.195023293,1.265755923,0.99860047,0.888537132,1.398192599
CCNO,0.197938092,1.126524821,9.762953878,11.34924253,1.239401
CDH15,0.132149924,216.7087094,479.5136306,373.120924,108.5908941
CDH23,0.218537645,0.217586237,1.066474494,2.149334514,3.689190795
CDH4,7.576624876,4.749677581,0.880476912,0.319643833,1.026274386
CDHR1,0,0.903509789,1.303707632,1.115192522,2.277993323
CDKL5,7.072063224,11.93032009,10.28281999,6.195528746,7.835233363
CDKN2A,26.80697441,15.1710118,15.18077219,21.45656369,15.03398299
CDON,116.7497797,21.13431034,58.1737017,40.0126489,54.73443161
CEACAM16,0,1.049546107,4.036232664,2.45966628,1.310750113
CEL,1.471667933,0.60136308,0.96425077,1.164348939,0.915491002
CELSR1,1.117154959,0.998035952,2.743006997,5.600458164,7.338350133
CERKL,1.376280815,0.605105259,1.759450193,1.492051126,3.240205148
CERS1,1.159583941,0.646013965,2.143256349,3.917774428,2.526042289
CFHR1,0.418957303,1.739331822,0.351638649,0.475121056,0.509078148
CFI,1.040095586,1.118900997,0.642569139,0.88719201,0.833690935
CHCHD10,3.597217185,4.523116275,15.21985667,17.9556712,15.29333471
CHD5,0.363492033,1.213882143,1.962861101,1.506251059,3.324585181
CHN1,99.0051459,60.39336385,98.31832251,136.7755963,164.5501751
CHRM1,0,1.212776418,1.28366089,0.915205646,0
CHRM3,0.694153022,2.597771402,2.753037475,2.341952346,1.310127902
CHRNA1,0.032783622,743.5812193,1037.010796,754.4473641,353.5257713
CHRND,0,10.86135323,74.47004538,61.64482514,23.00863786
CHRNE,0.791715954,1.633749752,0.497676491,0.356360843,0.444204354
CHRNG,0.042228198,0.450448356,19.0633752,13.14720764,4.110944639
CHST6,0.350903518,0.592063253,1.059399137,1.069295015,0.142008115
CIB2,3.79483279,4.750369635,1.697175349,3.817170254,2.618530857
CLCN4,2.849509703,8.391462294,17.28301106,18.52260804,22.96080052
CLCN5,9.159141737,16.01462752,103.6474223,75.23675624,57.03875414
CLCNKA,0.831138169,1.975155911,4.559891526,2.563074278,0.445143901
CLCNKB,0.192359333,0.669830552,0.725475216,1.438113278,0.318102337
CLDN1,0.437097155,3.680909682,0.51385785,0.591575861,1.336501983
CLDN5,0.067116761,0.220404988,26.68330044,14.85000851,1.230891593
CLIC5,0.014497675,0.144067725,1.729880742,2.096303988,3.172643599
CNKSR2,1.489230263,1.08004711,1.54271007,1.334326107,0.392287869
CNTN1,0.088363204,0.109516817,0.118211429,2.643747688,2.540926924
COL10A1,4.93862256,7.001195158,4.504615974,25.06275676,47.18742426
COL13A1,11.70326463,42.00898523,64.30992638,113.5721715,50.17830035
COL14A1,238.1235302,14.97206446,144.2497831,299.5432417,455.509113
COL17A1,0.153633186,4.281156193,0.086618519,0.473614695,0
COL25A1,0.2198614,6.670791899,1.392719643,0.813691734,0.806193462
COL4A4,1.516400818,0.363658346,1.927262096,0.330612816,0.973868744
COL4A6,0.270511718,0.166753625,1.043437173,0.799856328,1.048025995
COL6A5,0,0.031271435,1.443036632,11.02421363,6.907420883
COL8A2,189.9781208,49.72595673,26.00289213,14.20032478,22.19197027
COLEC10,0.797584499,0.099703735,0.313632873,1.180361994,0.520016268
COLQ,3.73958824,2.8285981,23.46660877,14.92752818,6.780377157
COMP,177.7095307,132.4314185,26.09572166,21.10692039,52.01123591
COMT,186.9014402,141.8867558,136.7217906,157.7603454,140.8661238
CORIN,2.107444342,0.609333643,0.701620376,0.722697146,0.832020822
COX6A2,0,0,3.286212625,6.721604668,4.131467797
CPAMD8,1.257948357,0.708133298,1.641348786,1.25853559,0.54423624
CPLX1,0.052334986,0.365550143,0.756668288,1.035471993,0.91291695
CRYAB,61.90712224,35.7261657,54.8394915,81.26033335,204.9585816
CRYGS,2.008983202,2.0199285,1.750232418,2.933638279,2.229168398
CSGALNACT1,2.565153729,0.851658415,0.955172279,1.735714764,1.472275497
CSRP3,0,0,0.696074586,2.919060424,8.084807508
CUBN,9.848542218,9.062182283,7.762591618,19.85071458,18.32085384
CYP17A1,0,0.493712778,2.408997039,1.711410103,0.499122503
CYP19A1,0.896793551,1.436396845,0.708976866,1.398753127,0.098662237
CYP26B1,20.37774678,16.66268325,29.33639687,86.98233347,99.56795963
CYP26C1,0.023724493,1.150442145,4.296681475,3.495210596,0.018419019
CYP27B1,1.0595841,2.71454129,1.766565736,0.752405841,1.398505491
DAB1,7.757971615,0.354491277,1.477762737,1.936112644,2.794180254
DACT1,44.32789632,21.36484666,11.98985169,11.02009071,33.68382808
DAG1,212.2734731,321.4120031,781.7744693,445.9832014,373.5259097
DBH,0,0.412088992,16.55071826,15.69149822,0.466185556
DCHS1,96.8026928,37.61474502,42.54231872,53.26182587,65.3587245
DCT,0,0.208458346,27.78716309,7.452418527,0.76492987
DDX3Y,42.10257873,34.71100221,35.14257213,35.34660734,44.04092723
DISP1,6.158907157,11.70076037,11.04458113,13.13263337,15.27901011
DLG3,12.36628983,9.131412079,8.82988446,6.576228387,9.418497003
DLL4,0.370011893,0.619990722,6.849791529,8.234188398,2.472164165
DMC1,0.815779067,1.659237561,1.841574342,1.306004374,2.325054333
DMD,9.394700401,9.175412039,9.346811525,6.232924735,9.810584956
DMGDH,7.309837515,2.40532522,3.55501068,4.999278701,3.205777641
DNAH1,13.91929003,15.56337912,54.29707949,34.13091983,7.849528339
DNAH11,0.828518971,1.953801874,2.176891833,1.639368669,1.704438261
DNAH5,6.243341506,2.48334849,0.55070815,1.02419381,3.623170681
DNAH7,1.15366644,1.598122834,2.57233532,4.510245381,2.132520034
DNAJB5,27.15574082,58.78434625,64.16523102,47.42738417,24.83797489
DNAJC6,11.51227107,13.690222,16.60838401,21.89189973,18.34254837
DNMT3B,2.895450136,3.487821303,3.233651598,0.953944129,1.960457212
DOCK3,1.266021252,5.368826236,5.196160843,6.217494156,3.532160905
DOK7,0.035879341,8.413677941,37.9292652,47.82701533,9.786014973
DPY19L2,2.501979497,3.012157419,2.527515086,1.912961957,3.38140836
DPYSL5,0,0,0.935683373,3.75477084,33.18334222
DRP2,2.373876224,40.30314979,52.61307902,32.81013635,27.21667729
DTNA,3.479467899,9.765891359,10.81306043,16.50562374,17.65494507
DUOX2,0.031542692,0.697593509,2.427062502,3.317970038,0.279994965
EBF3,9.723440663,6.615164406,5.000937968,7.722225613,11.25884256
EDNRA,11.81568003,19.6770275,56.33324857,69.04384828,52.6853139
EGF,0.984767531,2.692313666,8.706726685,9.175157059,6.309778827
EIF1AY,5.646330027,15.63359387,14.48263552,15.48197427,11.91620547
ELP4,8.563834341,13.79235951,12.97492256,17.86408731,16.52728123
EMG1,22.05706195,26.27539535,19.18588039,17.30934807,24.22397745
ENAM,0.177287577,0.10584709,1.450639739,0.919031681,1.891104049
EPB41,13.44186565,14.25165834,26.70841654,17.97688933,22.11013861
ERBB3,0.774870234,4.473060142,56.90310809,45.51932907,18.38063495
ERBB4,0.784206001,0.220810731,0.608080603,0,1.866404136
ESPN,0.003797389,1.050711531,1.19178892,0.912615293,1.029155485
ESR1,2.203151,0.563685544,0.316671589,0.510684433,0.126811154
ESRRB,0.143908084,0.305206223,0.862628975,2.790505551,0.206164582
EXPH5,0.259246022,0.412911448,2.524922195,5.267442538,8.403060499
F12,0.287775413,1.119993201,1.527968018,0.638058117,0.14796614
F8,5.618247186,7.924055842,6.394054877,6.549013335,5.218456103
FASLG,0,0.937682885,1.591922493,0.577479007,0
FDXR,20.98798922,22.29284941,27.10513461,35.0299796,28.33441828
FERMT1,2.889546475,17.82001581,4.54609524,3.005855451,3.431030549
FGF13,4.461524005,5.943189894,1.565322681,0.911864642,4.557034554
FGF14,8.994610199,2.260515105,1.060604222,1.423038169,1.507162778
FGF9,3.397117046,0.019199988,0.200611743,0.587429087,1.603549391
FGFR2,15.00123821,1.07453609,23.84317122,62.50961491,88.08083484
FGFR3,0.724739255,1.487283501,0.607512781,0.324478261,0.181542075
FHL2,294.8246066,123.9004946,35.6128104,34.36378652,53.32608083
FHOD3,48.03022392,60.64340806,91.54748857,116.4154557,157.6727931
FIGN,3.605587828,5.329817493,8.745002812,4.849311351,9.250184467
FILIP1,1.130894445,3.474555224,32.45787313,29.14853029,31.44885455
FLG,5.237185863,0.421760281,0.333344503,0.829448144,23.53400611
FLRT3,2.979249591,1.075572737,3.115738555,6.16704493,12.85458664
FMN1,31.69406062,57.71612247,35.75554533,28.77905177,47.81688605
FOLR1,0.246772062,38.40294067,42.99158235,101.9573817,101.0804076
FOXP1,23.88368456,34.60422481,17.67171163,10.88836784,10.87499648
FOXP2,15.54139855,6.091748995,3.831513151,3.910374128,2.451882833
FREM1,0.980476429,2.57969033,0.4256671,0.899348363,0.645741403
FRMD5,4.85570956,9.788530923,16.58265372,8.001372104,8.215104821
FRMPD4,8.278591253,3.20128431,2.272875207,2.967322346,2.224011277
FTCD,0.10977707,0.033317924,0.315744752,1.389688973,0.577614428
GABBR2,34.68546942,9.273102976,4.745928641,7.059065679,3.609486167
GABRA5,0.616989116,1.165467912,0.608539732,1.916902991,0.025982591
GABRB3,0.644596188,0.338774822,0.694227837,0.329686489,1.968424089
GAD1,0.874444742,0.907133524,1.919378009,4.110220106,7.941214671
GAL,0.655700177,4.318459884,0.679602923,0.866994134,1.390419693
GAN,17.78138439,15.41099576,15.46400693,13.29245056,17.19254792
GATA2,13.20523135,32.11161314,14.604976,11.28325195,4.776819963
GATA6,18.94536943,7.218816384,0.504136079,0.357945674,1.182870067
GDF1,0.349952369,0.311795713,3.740629134,2.902437992,1.489531041
GDF6,22.00698834,1.66521733,0.801698739,2.713213041,17.39428511
GDF9,0.122737702,0.401573991,0.436508549,1.588077413,0.978012368
GDNF,31.25727979,24.06268391,12.89375644,16.32285321,22.49458769
GDPD1,2.38500461,1.208544269,2.248850988,2.539685004,1.713015416
GFAP,0.074847779,1.504546559,1.306263764,1.071319161,0
GFRA1,100.5178412,17.23026581,13.40467048,28.57807793,54.18507085
GGN,1.162561084,3.748118503,2.640942571,2.734479076,0.553917395
GGPS1,34.03471116,26.14252824,34.92171083,35.86191385,37.64713463
GJA3,2.896409683,2.751859363,3.400138955,4.404963881,5.294533734
GJB2,0.619906327,0.664655222,5.360524406,5.666879936,1.824213047
GJC2,1.567015266,1.275695398,0.646169262,0.58346779,0.347350811
GLDN,0.867305839,0.506381101,1.631548335,1.444680779,1.447170739
GLI1,2.039006329,1.282231876,0.878015872,0.124704244,1.08769612
GNA14,2.777320765,0.404264145,0.797537563,0.396744626,0.373527785
GNAO1,0.374050615,0.30406757,2.12746676,1.447754916,0.908072643
GNAT1,0,0.13569917,0.729077934,0.675685496,0.675889749
GNB3,5.599515648,3.722526992,6.991900958,4.103714408,2.107741408
GNE,36.26657598,26.91373791,27.00795005,23.82473783,29.17947592
GNRH1,3.435552181,1.889291516,0.834287176,2.242765523,1.233808382
GPD1,0.144079425,17.83632419,61.96375578,34.87588123,1.595986027
GPR156,1.109786223,4.313221739,3.432901181,3.606508851,1.562650403
GPR161,34.79811538,16.10167252,17.11427427,20.2146443,24.32541195
GPR179,0,0.824919623,2.499453749,0.24691811,0.201452091
GPR68,82.59004672,39.30496037,13.01432913,15.4353886,6.185000399
GPR88,0.06365375,1.693140745,1.526706066,0.619334276,0.132399045
GPRASP2,15.10670232,11.50372117,13.0330205,11.89640596,13.84457976
GREB1L,5.728412694,3.741078181,4.126922236,10.46157459,9.98326989
GRIA3,80.24274055,65.73201593,83.60750515,96.46000775,111.9999163
GRIA4,0.306826961,0.492364767,0.507783113,1.871920704,3.185694224
GRIK2,7.372588534,9.744070627,16.17051978,27.9739748,27.65309716
GRIN2A,1.538187887,0.761693563,1.137346284,0.693596218,0.541767206
GUCA1B,0.252406929,0.909217394,0.903463712,1.235647531,1.594714383
HCN3,1.666323383,1.882575572,1.973422442,2.954088304,3.186386429
HECW2,23.58022425,74.22617499,14.46416452,11.3648495,21.90729406
HFE,23.41764195,19.92127627,9.053902916,7.724254502,17.52422675
HID1,0.221859816,3.621888802,5.703783895,7.086154917,2.989748848
HK1,186.6508055,280.5511876,270.7592228,185.5343639,139.3024226
HKDC1,0.044972468,0.465816209,0.320877192,0.016534382,0.633817069
HOXA1,1.924346829,4.278768875,4.001762974,4.331807034,3.234135058
HOXA13,2.45447911,1.434194193,7.500340722,13.13661798,7.975794431
HOXB13,4.122672247,2.23817294,2.915267697,4.452384784,6.776241779
HOXD10,1.02766066,1.078253895,0.705920901,1.214492434,1.894008575
HR,46.26550737,10.48061409,3.439656122,0.688933643,1.219378886
HS3ST6,0.322260104,0,10.28925703,17.74152746,13.29847224
HSD11B2,0.077018995,1.643681567,16.25476433,7.372111778,0.312929842
HSF2BP,1.076524128,0.813398544,0.898263678,1.725789089,2.312491249
HYAL2,38.32547015,42.80548765,39.98424558,37.23068743,37.21558538
HYDIN,1.989167715,1.431187886,1.29247291,2.615285168,1.071015271
HYLS1,7.052839581,11.46701922,6.804616571,8.825377932,6.150182645
ID4,17.86961085,13.73015721,2.254742835,1.831699059,0.791020438
IGF2,9.637866433,0.745678953,2.020531933,11.16253602,15.07701636
IGSF10,13.14282903,1.519092364,20.1784204,20.24686556,55.82367363
IGSF3,0.235512431,2.647385795,4.179545428,9.01121997,6.954734352
IKBKG,36.50013627,39.97712256,35.41263589,40.20722838,34.07258164
IL17RD,9.098232662,5.685514321,16.52950877,17.75452318,21.08619298
IL31RA,1.187290058,3.007123613,1.33558828,3.482612142,2.032832481
IMPG2,0.430685523,0.853588254,0.818118147,0.500655666,2.193784138
ING1,12.49753115,14.31444019,12.82766599,13.78685023,12.35281265
ITGA6,31.94040184,146.469553,252.6765049,216.5351085,309.1233758
ITGA8,16.85478876,4.019699561,2.206113075,2.479644901,3.545973959
ITGB4,1.216728325,4.024865828,6.360952381,2.322054606,2.481268359
ITGB6,0,0.94339858,6.802283637,10.2146069,3.608606324
ITSN1,60.23331049,52.46663348,54.31315655,75.36414597,110.4340937
JAG2,1.760358404,6.622772911,44.18370052,46.44112623,20.92104861
JPH2,60.98505936,38.25842211,75.70379736,74.71361847,143.012067
KALRN,16.27557941,32.03648072,23.45852419,33.62285726,17.84427208
KANK1,53.55564448,54.14752584,115.0546303,93.42676697,139.4104522
KCNB1,1.016698274,0.252585112,1.569464557,7.289705203,15.79233886
KCNC1,0,0.172861864,2.928746732,9.09382339,21.71288539
KCNC3,0,1.319003423,0.855428981,0.707880724,0.62629687
KCND2,3.488285373,0.142980489,0.170175101,0.149971922,2.448719884
KCND3,5.244597508,0.110389893,0.406203433,0.480745906,3.437082008
KCNE3,0.890361086,0.755614257,0.376974815,1.127930316,0.230814412
KCNH1,6.373449504,2.51455185,0.702346521,5.839867795,4.625191683
KCNH2,0,1.774772816,35.36975693,23.53387226,3.590202657
KCNJ11,0,3.065767674,3.782596148,4.205443206,2.094552966
KCNJ2,11.38114368,6.517271322,9.185055346,4.493102011,2.661565863
KCNJ6,5.450196123,7.212831425,4.732607582,4.007285352,5.819230946
KCNK9,0.285851701,0.341838689,0.765632442,1.386935363,0.078667124
KCNMA1,153.4206549,75.47871694,38.92216516,26.37875599,31.37981213
KCNQ3,2.756486323,3.244419881,0.361172163,0.556707378,1.018967564
KCNQ4,0.209138152,1.51362786,23.09670418,18.72202981,4.090738392
KCNQ5,12.45293451,20.36031984,3.227087911,1.705633515,5.651290023
KCNT1,0.014525339,0.209744602,1.175732166,1.261242116,0.598362544
KDM5D,18.98604929,19.79770315,32.36840448,28.81661991,44.70950785
KDR,0.119486393,3.920741318,1.769544153,1.462315415,1.137380931
KHK,0.775599867,1.159901279,2.608305413,2.33774651,1.190991603
KIAA0825,3.616974147,1.712620094,0.994467494,1.533154489,2.05464655
KIF1A,0.018086837,21.1173285,32.40145559,20.98642956,7.442495324
KIF26A,0.121316271,0.267997492,1.761330827,6.95135589,9.830514577
KIF5A,0.902083551,1.595373738,1.566142059,4.096456248,6.77237207
KIRREL3,17.80355967,17.675281,0.421629746,0.193050506,0.995115846
KISS1,0.026736632,0.032076793,1.105085118,4.105985674,4.236941191
KIT,74.85573025,12.14265097,30.91440204,53.03320563,52.1654842
KL,0.2876193,0.446502888,0.400277168,0.695482981,1.563551147
KLF11,20.44582689,15.45832532,7.345070887,12.65396299,24.32850515
KLHL15,15.09824394,14.94748617,10.29815753,11.53307215,12.56300579
KLHL40,0,0.079553223,2.490753772,7.271028554,10.65065907
KLHL41,0.889917237,45.09420178,679.9326796,624.5438015,462.2629184
KLHL9,74.10070693,47.69897038,47.47596634,55.7368687,56.16552759
KLKB1,0.530323071,0.382216176,0.926255943,1.009393819,1.473759311
KMT2B,47.53986056,51.95184687,42.9854886,54.12284693,34.32822426
KRT81,0.119912141,1.370681815,1.629532057,1.145420422,2.747534276
KY,0.743333442,1.528134723,1.820931981,1.372330756,0.182839144
L1CAM,2.971223975,29.60044452,5.439644404,9.076599373,20.94739792
LAMA3,2.457621322,4.725517058,1.991241806,0.357255021,3.796468857
LAMA5,30.18949526,31.06054662,374.4958779,280.7618923,60.34822653
LAMC2,2.331727833,10.9770833,2.721779008,3.299001648,3.073139958
LAMC3,0.971939399,1.16995632,2.451524324,28.87828161,29.26577673
LBX1,0,0.674087654,1.836631118,2.065374294,1.044902912
LDB3,0.092372893,0.186006175,36.2456431,91.41462986,103.4218447
LDHD,1.139977478,1.6544137,5.769350592,5.768589983,0.814674282
LEFTY2,0,0.18717238,0.720679593,5.212649796,3.393784317
LGI4,0.80561097,12.05844348,21.92612515,16.81621802,3.868924581
LHX4,0.065785532,0.478269419,3.532698456,2.497558291,5.645504413
LIFR,9.761322797,7.561395959,8.67697959,6.476658821,14.62004202
LIG4,18.18001553,41.46760151,44.60123045,33.97150794,28.97243332
LIMS2,41.76158473,15.15336378,16.36784246,18.54515577,26.06789916
LINGO1,0.361835563,0.667548186,1.122685972,1.434298076,0.520185452
LIPC,4.258062131,2.599444167,5.601700569,5.197630892,4.055264339
LIPT1,3.238237728,2.724334514,3.199014964,6.019448487,5.63081855
LMOD2,0,0.268022796,3.37075455,13.53778243,7.709830309
LMOD3,0,0.108653206,22.90323677,34.2122026,39.25370427
LPAR6,9.906680703,7.482984609,7.634763932,7.644120365,8.640213143
LRRC56,0.913407779,0.293937304,0.777655181,0.64278909,0.651864772
LRRC8A,77.17987324,89.78680028,67.02950673,69.28011451,53.09199723
LYRM4,27.92589053,23.23273251,19.44375647,22.83712951,20.56558282
LZTS1,4.23336444,13.42243481,60.5678792,38.9801987,16.75483393
MAGI2,13.85827492,10.15473003,12.30709658,12.60196424,13.43619092
MAMLD1,82.89838866,13.90466876,7.497957956,10.90168511,15.79242543
MARVELD2,1.637562876,1.076476518,1.562473557,0.839826153,1.492729442
MAST1,0.262432627,1.300825237,0.621759876,0.653970627,0.677275418
MAST4,19.60563691,33.73528041,21.41604503,12.19154447,20.11142459
MCFD2,379.6658025,314.4510369,179.9443252,190.6953672,195.3772243
MDM2,187.330016,205.9116012,180.8545998,184.8030593,154.9275014
MECOM,2.018765229,5.094313691,1.456718303,0.861979519,1.217057027
MED12L,1.09511447,1.538350643,1.238722702,0.975147119,1.553358883
MEF2C,19.59512268,33.78519122,66.84407948,74.34769845,132.1675099
MEGF10,0.428380525,7.429442524,10.80464686,13.37202679,7.772893964
MEI1,0.686414598,2.977510314,0.185030137,0.335793517,0.288023378
MEIOB,0.995964362,0.239580379,0.785804279,1.217040881,1.249213373
MEN1,38.95384151,35.09174404,34.19809619,32.03004403,26.85641294
MITF,1.662428067,2.959288344,1.714400309,1.986713012,2.468109973
MLIP,0,0.457434073,1.578054047,2.768203544,1.560250739
MOV10L1,1.247599315,1.798893268,0.910751318,0.878530817,0.786214145
MPO,0,5.075762045,7.954316738,6.012667767,0.659732427
MSTN,1.771241313,0.798318868,2.345319032,1.6633697,2.211071374
MUC1,15.69396282,6.867175777,2.989834098,4.187084028,4.472030429
MUSK,0.017450907,3.036848044,21.7815101,19.50055697,7.07845334
MYH2,0.785315058,0.690143061,21.41935991,45.19096672,292.3475225
MYH3,6.703763694,3.585872337,63.66910665,118.225136,222.2682358
MYH6,0.16192485,0.158552011,0.317084738,1.312877735,3.711463424
MYH7,0.175370648,0.076706499,0.307788586,2.870707428,18.55446449
MYH7B,0.298756829,0.914261389,79.6575965,183.9952614,74.27334836
MYH8,0,0.343663919,81.91485322,332.0040686,503.9438421
MYL1,0,0.037503719,12.80425912,37.23403835,101.7094924
MYL3,1.678976287,0.573214566,0.48505709,1.974194355,3.518854778
MYLK3,0.508858026,1.467156619,2.104389477,1.555051456,0.586098006
MYO15A,0.697619684,2.227247614,3.971517507,1.246404805,1.024525607
MYO18B,0.146819274,0.350640773,28.77415268,33.7934825,13.88717641
MYO5B,0,7.298977128,58.55473024,30.0956197,2.149827837
MYO7A,0,4.014002047,9.630008082,6.127845543,0.253111436
MYOD1,0.016598466,5557.736216,3372.536929,1599.676623,83.65565194
MYOM1,1.793831106,0.565597479,2.760900168,9.202578771,21.28227753
MYOZ2,0,1.60922389,20.74942187,51.31009148,31.01824983
MYPN,2.035138077,9.160700589,30.65557166,25.23857158,23.63695265
NALCN,9.230766394,2.517619459,4.474755587,4.476196188,5.207976032
NAT8L,0.619091138,0.905412405,11.3034946,7.914611299,9.992074218
NBEA,16.61834478,12.84415157,37.82584217,40.09027951,26.5009599
NCOA4,231.8936979,215.2243398,200.0997835,179.4955539,204.650079
NDNF,6.056358424,2.443273676,20.72164193,42.37354522,106.7615007
NDP,1.449414795,1.801543639,11.53942481,15.82818212,9.561934444
NDUFC1,19.84945433,21.02958903,28.16799094,27.85128143,28.03725668
NEB,0.037563702,1.577049532,42.76974449,179.5175651,119.1792906
NEFH,0.641289905,0.916582817,1.547214066,0.861170199,1.225520905
NEK10,6.866371086,5.369680237,2.078997476,2.550118311,4.816869526
NEUROD2,0,0.501542311,1.547927146,1.701732884,0.035017367
NFASC,138.6640898,222.0564044,199.4271721,118.7636906,65.60244832
NHLH2,0.08556614,3.883085176,7.117096779,6.887157666,4.031819965
NHS,17.46422901,11.97728359,4.63083529,2.824047175,5.985188823
NIPAL4,0.700456404,2.945353843,1.971625011,1.841120862,0.042179364
NKX2-6,1.240989386,1.227739193,0.392903837,0.401012142,0.415817352
NKX3-2,0.06174976,0.695603481,1.392394392,1.762542634,1.776372678
NLGN3,0.436592222,2.232198655,3.587718979,2.927899419,0.898442146
NME5,0.25966547,0.581157228,0.576450034,0.169014206,1.07599098
NMNAT2,2.362504769,1.571236902,1.730381609,4.32685834,29.17391183
NOS1AP,0.167456631,2.83828585,0.364066916,0.608779515,0.779785396
NOVA2,0,0.497475569,1.759005992,0.663943117,0
NPTX1,6.83801016,0.752748378,12.29344647,6.667836769,12.81905535
NR3C2,1.803183202,1.372999311,3.172732576,3.003536282,2.830251712
NR4A2,1.66958999,2.089207156,1.521314955,1.566894766,1.197394127
NRAP,0.034502872,0.027503425,1.264725725,6.014038868,39.54391721
NRCAM,5.091480171,5.190957148,17.10129268,13.85673349,12.92287149
NRG1,80.41387145,41.9819287,12.70077956,25.23880763,64.62342793
NSF,27.86031625,34.64565339,42.87697212,47.35910932,22.3435155
NTN1,69.21754014,3.589364972,19.82583884,19.20538009,48.34077604
NTRK1,0.531108564,6.038198908,9.815511916,7.755538111,1.461171188
OBSL1,84.36574172,103.5454491,144.9053617,170.3460329,114.2493198
OCLN,0.578998787,0.477043015,2.143590561,1.603008459,2.171420814
OGG1,18.44936181,17.47562114,19.39103374,20.2696428,21.9856051
OPA3,28.78199839,24.38111152,38.20252538,32.5414946,38.32867458
OPCML,7.39504995,11.82732401,2.11134698,7.280586028,5.202882159
OTOF,0,5.265903368,11.59457418,3.375525606,0.524284612
PAPPA2,21.6446259,7.504056358,1.928339928,10.39499294,3.428190811
PAX3,4.214725132,5.352791288,5.832405891,9.239334996,5.052613054
PAX6,4.424755,2.60832682,1.11238428,1.064730345,1.892021773
PAX8,1.954402897,4.791932732,3.095216302,2.522310003,1.605421283
PAX9,0.609207263,3.142236347,2.369472849,1.190729174,0.794695696
PCDH19,0.508283122,0.322453018,0.628670636,0.608406622,3.603486661
PCLO,0,1.093004638,1.967113604,0.604612443,0.187932855
PCSK9,0.947249446,0.214235873,34.40276478,40.79931076,43.2110509
PDE10A,0.96943034,3.640674181,4.393613164,3.771255226,0.395716584
PDE11A,13.3780666,2.878221734,2.893863382,1.521914914,1.373922342
PDE1C,127.7229467,12.89878042,7.313691459,3.161983613,5.601250877
PDE2A,0.854496627,2.92265973,6.420690551,3.637283188,8.785370383
PDE3A,3.092695768,0.429934567,1.324347621,3.000522825,3.982914909
PDE4D,4.881024037,15.37248983,6.232971497,4.727765225,5.475346237
PDGFB,0.213682566,0.822659065,9.506310629,8.475187845,5.162322987
PDLIM3,0.009418342,6.093703539,139.494787,83.26206966,98.77061835
PDYN,0,0.483617014,0.427633669,0.984625867,0.105721775
PDZD7,1.311747158,15.49465923,1.701447692,1.669736488,1.749245804
PER3,40.03065405,20.55917308,40.12756266,34.86881092,44.38851953
PGAM2,0.12577452,8.053168798,44.07634808,58.15373475,8.224058317
PGM2L1,6.999448502,18.90725193,17.69739149,17.9099865,21.78534438
PHACTR1,6.116736735,14.83332513,16.73588704,28.20014131,28.97230825
PHEX,5.060542804,0.9540574,1.790764703,4.736152907,3.446453357
PHKG1,3.555384554,2.162435621,5.493412734,5.688946446,1.930559432
PIEZO2,14.53503287,0.99643864,10.77984362,7.433229648,14.1170316
PIGW,11.30387433,15.42193067,6.740328929,6.691439037,11.28504384
PITPNM3,9.516275754,7.135322981,1.730109281,2.680772026,10.63506745
PITX1,12.23659651,7.218730092,7.224880875,9.73985907,8.106525127
PITX2,11.48714113,22.11083243,25.85981265,27.33766501,32.85429577
PITX3,0.072525927,8.711730815,10.83152116,9.095506795,1.309655042
PIWIL2,0.392326521,1.523341082,3.106882188,1.908463212,0.510236156
PJA1,28.39342404,26.78908394,29.53101688,29.84083481,31.16387155
PKD1L1,0.377326542,1.632199405,0.35988719,1.982550143,3.099020539
PKHD1,0,0,0.9488229,1.049730546,5.491872031
PKP1,0.101081778,52.26174919,4.394136448,5.307662391,2.730276665
PKP2,0.046116899,0,0.348873835,1.217127788,2.285486567
PLAG1,29.81969847,13.94439051,13.22811751,12.98300175,13.22068737
PLCB1,14.04081716,4.929748432,18.13010533,29.70845817,37.25136145
PLEKHG5,11.08825396,27.56833535,14.62895204,40.7706327,25.76922051
PLN,0.529173483,0.377857284,1.985783445,1.120088533,1.923692673
PLP1,0.227111333,1.008586184,0.430016256,0.58502314,0.499791085
PLS1,0.475749096,2.898522809,5.118822149,2.567058037,2.669511505
PMS2CL,4.623124946,4.586455751,4.383134776,4.761798201,4.502955012
PODXL,29.80248591,541.1173821,42.94120472,20.57367318,28.42621347
POLR1B,17.77429664,25.55894742,29.94399714,28.97711706,22.61486651
POMC,0.073008472,0.496634677,0.580762643,1.214953223,0.554638286
PORCN,16.08005386,28.27694724,13.24615881,14.22077961,16.33699623
PPP2R2B,0.139675206,1.769570525,2.535507691,1.39857751,0.537735447
PRDM15,13.30270206,10.46833591,16.42373192,15.95765421,17.66965444
PRDM6,0.401510135,2.135319947,2.148124881,2.532902203,2.701513372
PRICKLE1,12.62706455,6.609643852,10.35792288,11.95689389,20.7884428
PRKG2,6.435642383,1.527822377,0.738427204,1.027576569,1.204642298
PRLR,12.3395261,8.229621675,1.63011072,2.686340819,0.568727561
PRODH,0,0.197103611,3.476927478,4.948445083,0.686935517
PROM1,0.014300882,0.940992581,1.407204101,1.447331242,0.221338917
PRPH2,3.722594422,3.134312013,1.724232174,2.850890096,2.313937269
PRRT2,4.895304653,1.291607087,1.159829945,1.580791448,1.552126277
PRSS56,0,1.27253147,1.70066256,1.678188898,0.416027885
PRX,10.85316767,6.75988955,11.450895,6.742229968,7.841760348
PTCH2,0.754921628,3.042129843,4.236093345,3.805359343,1.926222128
PTCHD1,0,0.025439939,0.545845326,5.565591674,6.839823685
PTGIS,76.60428348,5.081856171,7.258175408,5.234388626,14.06059778
PTH1R,3.764978963,1.140805295,1.768522138,3.584004083,2.468783221
PTHLH,5.433464742,4.048474307,4.589565888,3.551316056,2.699133077
PTPMT1,30.5168118,33.01871599,26.46417423,22.68579471,19.41720264
PTPRO,0.536321428,0.38486313,1.233862102,0.446370556,0.683509222
PTPRQ,5.515219939,6.754137013,0.714825635,1.056771928,2.890684738
QRICH2,4.872444524,2.477383111,4.252044137,7.113090571,3.547036813
RAG1,0.160005221,2.859453942,4.173750172,3.056781175,1.114254481
RALGAPA1,23.10502723,17.43315096,23.1750764,22.54501043,35.67986002
RAPSN,0.214820607,10.51663663,11.80495223,15.04310279,5.349090299
RARB,0.007076093,0.330745647,0.412374831,1.212521145,1.437587959
RBFOX1,0,0,3.672968525,10.25142008,22.95982747
RBM20,0.109733607,0.141351524,7.136674164,10.58191151,2.738449167
RDX,101.2936958,129.085697,99.87600279,100.551655,108.6556031
REEP1,0.087228554,5.141158634,18.62949635,41.69690494,57.25621872
RET,0.490101555,0.471270574,0.895838087,0.549282552,0.445630628
RGR,0,0,3.238888964,3.204610275,0.582908346
RGS9,1.797838121,1.958756116,1.057205074,1.304260018,2.506549793
RHCE,0.561547899,0.832895645,0.481911347,2.384862494,1.366854513
RHOBTB2,27.54440913,28.33041143,23.28145144,19.83299622,28.79537957
RIMS1,3.856097237,3.014978308,0.392752133,0.880235573,0.423997862
RIMS2,2.233612096,6.654814415,4.678329852,7.320944962,4.562800174
RIPK4,4.232368223,6.745198811,8.308251151,11.75442058,6.603470285
RNF212,7.192495892,5.54544385,7.788682909,9.019286286,6.785115588
RNF220,84.91911559,53.39051087,49.17334902,44.79194631,45.41869775
ROBO2,45.39387322,1.596822616,69.20984402,155.9270744,192.0718258
ROBO3,12.59755056,8.031694579,5.405955705,6.110832544,4.011829401
ROBO4,0.817603559,2.876104024,0.359092058,0.163647737,0.018268873
RORC,0,0.568764989,8.208295146,8.008760406,0.280761222
RPS20,536.4793641,309.1308633,330.7170548,417.6730981,367.8748544
RSPH4A,0.92585955,3.346225661,2.501865562,1.733975894,0.31960084
RSPH9,0.639104534,4.150826648,2.459549295,1.484890056,0.160234362
RSPO1,4.749795519,0.14621198,55.69901156,80.34032208,62.32858801
RSPO4,2.671530813,11.08498507,4.616860963,7.276171565,4.813294136
RYR1,0.01449294,1.921288404,434.3678892,761.1668111,206.6902857
SALL1,12.25607971,16.45079459,9.746877098,10.44941145,11.6111845
SAMD11,12.30899109,25.85199317,1.527681145,0.75714378,1.146370741
SARDH,0.273445474,5.735659103,23.41338963,9.87126388,1.977299086
SCAMP5,2.067609009,2.090663923,2.362326616,4.180210618,2.926137378
SCN2A,3.440947771,2.546227312,2.072691285,2.213549688,4.403478431
SCN3A,0,3.127483647,0.323036118,0.045688774,0.867783624
SCN3B,0.392267277,1.094389243,0.865656614,2.166519908,1.639581711
SCN4A,0,1.094343787,51.94159238,62.74785191,28.40561354
SCN5A,0.065811101,17.64594593,12.6581607,36.09845833,21.22492492
SCN7A,0.031420797,3.57998738,3.137470472,1.222943466,0.464281409
SCN8A,52.95119016,36.30005177,57.60205286,46.02538358,63.89641356
SCN9A,19.61158039,13.30795495,8.782424598,9.984070508,4.24469094
SCNN1A,1.145268765,0.999906417,0.921246821,0.066339774,0.421995293
SCUBE3,6.416512422,65.67645598,1.376861827,0.544320429,0.521821177
SEMA3A,21.55307909,26.96457028,20.74582918,37.37107779,52.77735453
SEMA3E,1.001536814,4.029612375,1.547875773,1.657351665,1.551512994
SEMA6B,0.20293688,7.147107645,115.3133256,40.68790103,6.23349011
SETBP1,44.44280495,11.57897239,7.451995959,8.240323899,11.14024319
SFRP4,0.384485861,0.208964616,0.751519957,0.90501185,11.82504856
SFTPC,0,0.265923812,1.756101676,0.866505791,0.10864296
SGCA,1.290183741,62.60335329,129.9511752,120.0680703,46.04635341
SGCG,16.26886324,5.025097012,12.30247024,26.40363709,49.04482728
SGMS2,55.292239,24.86346972,17.46982115,20.22792779,29.32657062
SH3TC2,0.876582029,3.134399472,1.840247469,4.060554298,2.659888919
SHANK1,5.724048173,10.65955285,23.43803088,22.43872459,24.12468788
SHANK3,8.164428451,6.493564155,4.553960642,4.904946893,3.748960775
SHROOM3,53.01507413,19.25674267,24.19376431,37.84512157,75.04165521
SHROOM4,2.389163309,5.648662062,4.214784076,4.014137665,2.191473105
SLC13A3,1.464680065,1.000240457,1.180825813,1.361330075,1.36747962
SLC13A5,0,0.890285154,0.83931613,0.383764777,0.013377285
SLC18A2,0.066592342,0.366032698,1.566741463,0.921030455,0.239182243
SLC1A2,23.99863016,2.824349681,39.53139605,95.55236966,130.6156687
SLC25A21,0.210557726,2.313184602,1.75715934,2.396852454,0.832587721
SLC26A4,0.903832059,0.496687521,2.952765433,3.044241432,0.402581811
SLC30A2,0,0.138727739,1.710075023,0.521465091,0.086159514
SLC35C1,57.16730529,36.14984871,37.88076003,48.33233426,51.64246051
SLC38A3,0.211138513,0.783453116,8.719412532,3.969366049,0.76404884
SLC46A1,6.918440769,7.089541293,10.48184505,11.67304995,16.13057633
SLC4A3,8.975389648,8.04872203,4.568199424,5.185010513,8.504101511
SLC4A4,9.379250502,35.37746058,19.73583531,13.68823332,15.549407
SLC51B,0,1.474399338,7.234783235,3.229729856,0.222380836
SLC5A2,2.485640178,1.426311169,1.088752345,1.151050467,0.709867365
SLC6A1,0.01409376,0.024478104,0.086000891,0.216635814,5.895798083
SLC6A17,0.772616558,10.16052828,2.92501708,3.210636301,8.20417916
SLC7A14,9.300519859,0.113271773,18.06475778,32.24693803,47.68857654
SLC9A3,13.83188909,8.557361737,5.852373286,5.537827305,8.377343625
SLITRK6,0,0.056254267,1.135819215,2.734687577,3.613242779
SMAD9,11.08286322,28.83396041,1.489965671,1.198298872,3.582369862
SMN1,4.575697492,5.532590408,4.222589636,2.182038649,5.371336958
SMOC1,0.521974254,2.300207218,0.589800458,0.935125694,4.002532718
SMPX,0,1.549562483,36.86709493,39.94906557,51.26140624
SNAP25,0.083435669,0.211171357,12.2660982,34.5650613,35.99315304
SNRPN,56.61987137,93.224165,164.5624028,168.5386389,119.0504958
SOBP,3.751583088,4.153781226,1.722482863,1.13826858,1.746462095
SOX6,2.768069745,4.560346906,1.946970507,6.032773283,1.676176393
SPAG17,0.294485119,0.401986988,1.425630099,0.971762707,0.33295413
SPEF2,7.493728267,3.221959966,2.570731648,2.842260864,8.522032979
SPNS2,0.407756352,2.512838219,11.31376908,11.12963333,1.72135878
SPRY4,27.57415782,67.74309281,23.55151428,33.50208851,21.28467327
SPTB,0.224807959,42.7226501,115.2167725,103.5103513,16.23679668
SPTBN2,0.773437895,1.772643597,1.486822067,2.753567156,3.979241785
SPTBN4,5.118050509,4.245771814,2.575937596,3.798239039,3.091005728
SRPK3,0.481707072,5.036506854,22.92025853,39.77853866,17.4625325
ST3GAL3,17.02431315,18.12616064,12.42639149,13.47783957,18.26226731
STAB2,0,7.140700377,8.421088126,9.074352743,3.319218881
STAG3,0.235733036,1.07941283,0.843394292,0.850116754,0.706923298
STOX1,0,0.448035356,1.233154469,1.18026153,1.05875718
STRC,0.056445023,0.565023699,0.850047183,1.25478606,1.269208442
STX1B,5.800399573,11.81916083,4.102829706,3.17816316,2.549670789
SYCP2,1.95215302,2.704431339,1.665765219,1.6797867,1.455871666
SYN1,0.182749679,1.66684545,0.586260958,0.840401202,1.743400704
SYNE1,155.7134948,181.7185239,109.6440917,110.3655871,89.86691115
SYNJ1,13.40914869,23.68799656,22.60351787,26.28421999,23.94525271
SYT1,2.133407409,10.57946976,10.15360427,15.25876796,13.62353724
SYT14,2.507298197,12.68735863,4.326707989,7.011795017,3.210833507
TAPBP,18.11394058,30.89397977,31.95615478,19.68512636,22.94346646
TBX1,14.11452543,10.71929296,17.84454518,19.31748,10.3039137
TBX19,4.854749715,3.287918835,3.365473307,3.493519946,2.986581884
TBX4,0.601909044,1.217389837,1.549491277,2.024704984,2.847781755
TBX5,11.72402593,6.694748619,4.852053182,5.344712688,5.960424639
TCHH,0.326306382,25.67600703,16.49923749,32.61063845,121.2696379
TDRD9,0.13379285,0.309273886,0.612287905,3.172153725,0.750476616
TECTA,1.321676271,3.270102862,1.896527782,2.625167445,1.411408644
TEK,6.368090239,9.735473215,0.257574236,0.165190052,2.029606312
TENM4,32.44013257,26.61275702,22.621843,7.311029905,15.1348129
TEX14,0.015851185,0.855666208,1.69597647,0.786823288,1.434419019
TF,0.848612914,2.560419149,0.973219188,2.598038861,2.23756459
TFAP2A,3.467286857,2.773646344,5.202211766,12.7358524,7.541095334
TG,2.26265157,2.10229274,4.356534183,8.740421062,5.806700056
TGFB2,9.403293896,11.28993604,14.70241068,28.82542396,43.4483244
TGIF1,54.04375679,78.18687034,46.62594301,49.82644018,33.05800432
THBS4,19.91376272,3.666307584,19.55889103,49.18917666,59.88474494
THPO,0.338793197,1.472531996,1.936478498,1.924971466,0.577593796
THRB,79.19367424,12.56952063,14.76090211,13.5073955,15.78973556
TIAM1,2.559632839,5.427287593,2.302255964,2.921788058,4.34201422
TIE1,0.013975988,1.575449968,0.008619308,0.104840648,0.633723764
TIRAP,11.65988525,3.978594483,4.813825613,4.181576815,6.037700427
TLR5,0.041746115,0.346588315,1.199949273,3.297993845,1.219941553
TMC1,0.386477185,0.396028253,0.628998099,0.529376872,1.788467636
TMEM63C,0,1.121496408,5.901185074,1.505227066,0.022084485
TMIE,0,0.738936847,1.053213206,0.800096697,0.902726582
TMTC2,19.55735799,3.533466702,19.46503262,19.88822045,26.49086805
TNFRSF11A,0.25737191,1.723155375,0.751607419,0.40428859,0.294493523
TNFRSF13C,0.478729151,1.06098451,4.489913383,5.139314255,0.511603251
TNFSF13,1.922420429,1.937430158,4.06446048,2.904346234,1.463299537
TNNC2,0.366590422,0.231025726,12.47242112,35.58014832,31.36867883
TNNT1,0.009348121,25.64579246,106.7058956,237.1810911,147.6057717
TNNT2,0.066650886,100.5703986,1020.309555,1340.537773,874.2951694
TNNT3,0,0,1.14493309,3.845086111,0.325664243
TNXB,10.81374174,0.232876252,0.500004405,2.217511702,2.890747932
TREX1,9.206733121,15.77240687,5.263962249,3.88996441,3.830019823
TRIM36,0.136789262,9.763837224,7.309837932,5.92413258,2.976093449
TRIM63,0,0.441908877,4.318944023,9.692257851,4.818452889
TRIOBP,139.9140541,148.7974585,55.59499468,63.49609741,80.79505261
TRPA1,2.01753875,3.700123254,1.560287178,0.5525438,0.748832169
TRPC3,1.68464942,1.424332547,1.605481967,3.302316247,2.125476062
TRPC6,5.596208899,0.142842573,0.097556237,0.385276513,0.099158977
TRPM8,0.298251014,0.400857284,1.908022113,5.988619429,4.304645172
TRPS1,87.21097614,59.8168426,44.99832597,45.89331804,54.69006141
TRPV3,2.443713796,20.46204772,20.040168,11.7664129,5.673914098
TRPV4,5.445687242,5.761336247,4.131230861,2.565390279,2.260440031
TSEN34,0.545380146,0.846553145,0.564746089,0.890330798,0.212239518
TSGA10,1.293461857,4.22552532,4.246376981,3.928058019,4.088921028
TSHZ1,39.12748539,24.83803847,30.77857394,26.89944077,22.44416269
TSPAN7,0.005852128,0.314324448,0.273260456,1.330392315,3.707221736
TTC21A,2.824844868,5.013884355,4.065365927,5.121279848,5.95054304
TTC8,68.90073653,27.54190708,20.64665058,31.82066359,29.95381554
TTN,0.091358577,5.656085448,729.3641388,954.0140749,1240.470069
TUB,31.79268383,15.17586817,17.44209732,17.43959562,17.69535479
UNC45B,0,36.12073332,461.8427103,339.9540762,108.0681439
USP9Y,34.97255263,30.61405803,27.18432584,28.1952627,24.45704144
WNK3,0.205177583,1.017352453,0.90516162,3.203708344,1.02240878
WNT10B,0.649693871,1.671306494,1.78986873,2.294368325,1.053670648
WNT2B,1.673230464,1.179651444,1.846721851,2.288368207,3.319023625
WNT3,6.191823316,4.169392822,2.504353815,1.941810274,2.14571315
WNT4,2.269622081,1.334346471,6.911741952,7.817474286,1.750457742
WNT6,0.020950753,0.952688576,0.891915249,0.855243206,0.151897947
XDH,19.19908505,4.842953807,1.135575201,0.349033268,0.594213484
XIRP2,0.063544363,0.298760088,0.362073932,2.691705228,8.455945464
ZBTB18,16.97408382,32.55009406,115.5793384,65.968365,35.15006244
ZBTB20,43.84777193,44.07679466,72.66617366,58.08474199,82.73910261
ZFHX2,2.900702116,3.312305292,6.922162247,6.007206824,11.54976402
ZFPM2,1.940561336,4.162647869,1.881219743,2.609596692,4.693358632
ZFYVE27,30.32210438,37.18602264,49.43915611,44.73293888,26.35280905
ZMYND10,0.739154706,0.915918583,1.314682493,1.406376978,0.634455409
ZNF41,16.06617934,12.17391896,11.85782293,10.39127344,11.17971246
ZNF423,0.986151645,0.194332259,2.125908381,2.028651702,0.929112901
ZNF469,33.34550969,7.271386826,22.1727853,34.31303896,32.78876864
ZNF711,1.196046277,8.451164092,2.215930404,2.067505976,2.667532557
ZP3,1.328398598,1.599389473,1.08041955,1.133678671,1.326936053
